Variant designation,Location,Date,Characteristic mutations,United States,Worldwide,No. of countries with sequences,date
B.1.1.7 (20I/501Y.V1),United Kingdom,Sep-20,"ORF1ab: T1001I, A1708D, I2230T, del3675–3677 SGF",76,15369,36,1/31/2021
B.1.1.7 (20I/501Y.V1),United Kingdom,Sep-20,"S: del69–70 HV, del144 Y, N501Y, A570D, D614G, P681H, T761I, S982A, D1118H",76,15369,36,1/31/2021
B.1.1.7 (20I/501Y.V1),United Kingdom,Sep-20,"ORF8: Q27stop, R52I, Y73C",76,15369,36,1/31/2021
B.1.1.7 (20I/501Y.V1),United Kingdom,Sep-20,"N: D3L, S235F",76,15369,36,1/31/2021
B.1.351 (20H/501Y.V2),South Africa,Oct-20,ORF1ab: K1655N,0,415,13,1/31/2021
B.1.351 (20H/501Y.V2),South Africa,Oct-20,E: P71L,0,415,13,1/31/2021
B.1.351 (20H/501Y.V2),South Africa,Oct-20,N: T205I,0,415,13,1/31/2021
B.1.351 (20H/501Y.V2),South Africa,Oct-20,"S:K417N, E484K, N501Y, D614G, A701V",0,415,13,1/31/2021
P.1 (20J/501Y.V3),Brazil and Japan,Jan-21,"ORF1ab: F681L, I760T, S1188L, K1795Q, del3675–3677 SGF, E5662D",0,35,2,1/31/2021
P.1 (20J/501Y.V3),Brazil and Japan,Jan-21,"S: L18F, T20N, P26S, D138Y, R190S, K417T, E484K, N501Y, start highlightD614Gend highlight, H655Y, T1027I",0,35,2,1/31/2021
P.1 (20J/501Y.V3),Brazil and Japan,Jan-21,ORF3a: C174G,0,35,2,1/31/2021
P.1 (20J/501Y.V3),Brazil and Japan,Jan-21,ORF8: E92K,0,35,2,1/31/2021
P.1 (20J/501Y.V3),Brazil and Japan,Jan-21,ORF9: Q77E,0,35,2,1/31/2021
P.1 (20J/501Y.V3),Brazil and Japan,Jan-21,ORF14: V49L,0,35,2,1/31/2021
P.1 (20J/501Y.V3),Brazil and Japan,Jan-21,N: P80R,0,35,2,1/31/2021
B.1.1.7 (20I/501Y.V1),United Kingdom,Sep 2020,"ORF1ab: T1001I, A1708D, I2230T, del3675–3677 SGF",76,15369,36,2021-02-01
B.1.1.7 (20I/501Y.V1),United Kingdom,Sep 2020,"S: del69–70 HV, del144 Y, N501Y, A570D, D614G, P681H, T761I, S982A, D1118H",76,15369,36,2021-02-01
B.1.1.7 (20I/501Y.V1),United Kingdom,Sep 2020,"ORF8: Q27stop, R52I, Y73C",76,15369,36,2021-02-01
B.1.1.7 (20I/501Y.V1),United Kingdom,Sep 2020,"N: D3L, S235F",76,15369,36,2021-02-01
B.1.351 (20H/501Y.V2),South Africa,Oct 2020,ORF1ab: K1655N,0,415,13,2021-02-01
B.1.351 (20H/501Y.V2),South Africa,Oct 2020,E: P71L,0,415,13,2021-02-01
B.1.351 (20H/501Y.V2),South Africa,Oct 2020,N: T205I,0,415,13,2021-02-01
B.1.351 (20H/501Y.V2),South Africa,Oct 2020,"S:K417N, E484K, N501Y, D614G, A701V",0,415,13,2021-02-01
P.1 (20J/501Y.V3),Brazil and Japan,Jan 2021,"ORF1ab: F681L, I760T, S1188L, K1795Q, del3675–3677 SGF, E5662D",0,35,2,2021-02-01
P.1 (20J/501Y.V3),Brazil and Japan,Jan 2021,"S: L18F, T20N, P26S, D138Y, R190S, K417T, E484K, N501Y, start highlightD614Gend highlight, H655Y, T1027I",0,35,2,2021-02-01
P.1 (20J/501Y.V3),Brazil and Japan,Jan 2021,ORF3a: C174G,0,35,2,2021-02-01
P.1 (20J/501Y.V3),Brazil and Japan,Jan 2021,ORF8: E92K,0,35,2,2021-02-01
P.1 (20J/501Y.V3),Brazil and Japan,Jan 2021,ORF9: Q77E,0,35,2,2021-02-01
P.1 (20J/501Y.V3),Brazil and Japan,Jan 2021,ORF14: V49L,0,35,2,2021-02-01
P.1 (20J/501Y.V3),Brazil and Japan,Jan 2021,N: P80R,0,35,2,2021-02-01
B.1.1.7 (20I/501Y.V1),United Kingdom,Sep 2020,"ORF1ab: T1001I, A1708D, I2230T, del3675–3677 SGF",76,15369,36,2021-02-07
B.1.1.7 (20I/501Y.V1),United Kingdom,Sep 2020,"S: del69–70 HV, del144 Y, N501Y, A570D, D614G, P681H, T761I, S982A, D1118H",76,15369,36,2021-02-07
B.1.1.7 (20I/501Y.V1),United Kingdom,Sep 2020,"ORF8: Q27stop, R52I, Y73C",76,15369,36,2021-02-07
B.1.1.7 (20I/501Y.V1),United Kingdom,Sep 2020,"N: D3L, S235F",76,15369,36,2021-02-07
B.1.351 (20H/501Y.V2),South Africa,Oct 2020,ORF1ab: K1655N,0,415,13,2021-02-07
B.1.351 (20H/501Y.V2),South Africa,Oct 2020,E: P71L,0,415,13,2021-02-07
B.1.351 (20H/501Y.V2),South Africa,Oct 2020,N: T205I,0,415,13,2021-02-07
B.1.351 (20H/501Y.V2),South Africa,Oct 2020,"S:K417N, E484K, N501Y, D614G, A701V",0,415,13,2021-02-07
P.1 (20J/501Y.V3),Brazil and Japan,Jan 2021,"ORF1ab: F681L, I760T, S1188L, K1795Q, del3675–3677 SGF, E5662D",0,35,2,2021-02-07
P.1 (20J/501Y.V3),Brazil and Japan,Jan 2021,"S: L18F, T20N, P26S, D138Y, R190S, K417T, E484K, N501Y, start highlightD614Gend highlight, H655Y, T1027I",0,35,2,2021-02-07
P.1 (20J/501Y.V3),Brazil and Japan,Jan 2021,ORF3a: C174G,0,35,2,2021-02-07
P.1 (20J/501Y.V3),Brazil and Japan,Jan 2021,ORF8: E92K,0,35,2,2021-02-07
P.1 (20J/501Y.V3),Brazil and Japan,Jan 2021,ORF9: Q77E,0,35,2,2021-02-07
P.1 (20J/501Y.V3),Brazil and Japan,Jan 2021,ORF14: V49L,0,35,2,2021-02-07
P.1 (20J/501Y.V3),Brazil and Japan,Jan 2021,N: P80R,0,35,2,2021-02-07
B.1.1.7 (20I/501Y.V1),United Kingdom,Sep 2020,"ORF1ab: T1001I, A1708D, I2230T, del3675–3677 SGF",76,15369,36,2021-02-08
B.1.1.7 (20I/501Y.V1),United Kingdom,Sep 2020,"S: del69–70 HV, del144 Y, N501Y, A570D, D614G, P681H, T761I, S982A, D1118H",76,15369,36,2021-02-08
B.1.1.7 (20I/501Y.V1),United Kingdom,Sep 2020,"ORF8: Q27stop, R52I, Y73C",76,15369,36,2021-02-08
B.1.1.7 (20I/501Y.V1),United Kingdom,Sep 2020,"N: D3L, S235F",76,15369,36,2021-02-08
B.1.351 (20H/501Y.V2),South Africa,Oct 2020,ORF1ab: K1655N,0,415,13,2021-02-08
B.1.351 (20H/501Y.V2),South Africa,Oct 2020,E: P71L,0,415,13,2021-02-08
B.1.351 (20H/501Y.V2),South Africa,Oct 2020,N: T205I,0,415,13,2021-02-08
B.1.351 (20H/501Y.V2),South Africa,Oct 2020,"S:K417N, E484K, N501Y, D614G, A701V",0,415,13,2021-02-08
P.1 (20J/501Y.V3),Brazil and Japan,Jan 2021,"ORF1ab: F681L, I760T, S1188L, K1795Q, del3675–3677 SGF, E5662D",0,35,2,2021-02-08
P.1 (20J/501Y.V3),Brazil and Japan,Jan 2021,"S: L18F, T20N, P26S, D138Y, R190S, K417T, E484K, N501Y, start highlightD614Gend highlight, H655Y, T1027I",0,35,2,2021-02-08
P.1 (20J/501Y.V3),Brazil and Japan,Jan 2021,ORF3a: C174G,0,35,2,2021-02-08
P.1 (20J/501Y.V3),Brazil and Japan,Jan 2021,ORF8: E92K,0,35,2,2021-02-08
P.1 (20J/501Y.V3),Brazil and Japan,Jan 2021,ORF9: Q77E,0,35,2,2021-02-08
P.1 (20J/501Y.V3),Brazil and Japan,Jan 2021,ORF14: V49L,0,35,2,2021-02-08
P.1 (20J/501Y.V3),Brazil and Japan,Jan 2021,N: P80R,0,35,2,2021-02-08
